OBJECTID,SUBJ_STATE,FEATURE,Shape__Area,Shape__Length
1,OREGON,0,39697054702.6097,8525975.38333973
2,OREGON,1,23465600.446106,32209.986754758
3,OREGON,1,3361743.66998291,23324.190385942
4,OREGON,1,4084902.60577393,14136.9484460012
5,OREGON,1,9554839.86700439,19194.1046074676
6,OREGON,1,380465.24609375,2772.28607003423
7,OREGON,1,2938.94470214844,224.46014505009
8,OREGON,1,5881.59106445313,317.77460818968
9,OREGON,1,14220121.1470947,38643.0903889386
10,OREGON,1,200277.75604248,1648.40154403334
11,OREGON,1,136251.843505859,1525.24492142269
12,OREGON,1,53691.2373046875,981.883519716011
13,OREGON,1,14295.2048339844,566.216517946499
14,OREGON,1,248473.870849609,4370.61435880266
15,OREGON,1,197863.608703613,2808.18040629333
16,OREGON,1,2459872.95483398,11882.2106265555
17,OREGON,1,2675088.02685547,10576.9461329383
18,OREGON,1,20063081.5476685,36326.7511527992
19,OREGON,1,11479830.4017334,37983.7526528369
20,OREGON,1,7397672.67443848,16415.2423909145
21,OREGON,1,562984.657348633,6273.31299225572
22,OREGON,1,8500706.91931152,19641.9877245809
23,OREGON,1,226151.225097656,2646.42822931973
24,OREGON,1,302313.786621094,3084.61591274505
25,OREGON,1,376029.611572266,2938.39629614151
26,OREGON,1,126052.827941895,2281.08602742519
27,OREGON,1,29363.557800293,641.587194650038
28,OREGON,3,2700166318527.73,8448843.56708091
29,OREGON,1,83444.6507568359,1405.48114489244
30,OREGON,1,72256.1137695313,2646.29002493258
31,OREGON,1,128039.607116699,1355.51949787094
32,OREGON,1,9711.83612060547,366.749269949781
33,OREGON,1,140062.875427246,2411.52772014618
34,OREGON,1,17819.9727783203,652.653258398201
35,OREGON,1,8922.55383300781,414.094872627509
36,OREGON,1,8678.54272460938,364.496268813684
37,OREGON,1,10458.3552856445,512.500585894042
38,OREGON,1,204944.124145508,1745.04390879464
39,OREGON,1,64664.9401245117,1438.4746730371
40,OREGON,1,6919.95281982422,401.224640556715
41,OREGON,1,59717.8474121094,1375.83070090149
42,OREGON,1,5289.42468261719,311.849619541248
43,OREGON,1,37692.1619873047,1099.33094595181
44,OREGON,1,352051.436218262,3300.06587281032
45,OREGON,1,24353.1376953125,734.195749167165
46,OREGON,1,23601.758972168,778.854673298615
47,OREGON,1,2239397.80432129,11689.623486618
48,OREGON,1,4536.83807373047,276.10997101135
49,OREGON,1,48081.8268432617,1281.48658980453
50,OREGON,1,7834.27075195313,404.495589680198
51,OREGON,1,7695.81469726563,405.312804293796
52,OREGON,1,2721.92730712891,228.738283018155
53,OREGON,1,2074.89331054688,183.669870829116
54,OREGON,1,2075.28332519531,183.212148315183
55,OREGON,1,6645.49273681641,348.730377391011
56,OREGON,1,1582.25982666016,183.978748925587
57,OREGON,1,1425.71429443359,150.112825036344
58,OREGON,1,921337.467529297,10225.3453712494
59,OREGON,1,3823.09716796875,283.770220072448
60,OREGON,1,7857.29626464844,387.430629724284
61,OREGON,1,17175.8721923828,683.677465839092
62,OREGON,1,2899.49731445313,210.56646928761
63,OREGON,1,2470.94281005859,197.87451042902
64,OREGON,1,118060.862854004,1657.05096897536
65,OREGON,1,4534.001953125,298.552451570535
66,OREGON,1,185035.325439453,2811.78037449025
67,OREGON,1,12896818.6170654,28553.2371697771
68,OREGON,1,102354.80065918,1536.63189636357
69,OREGON,1,24254.8988647461,722.837545617654
70,OREGON,1,442888.775756836,3969.63727553072
71,OREGON,1,906202.549621582,6745.30949657856
72,OREGON,1,81677.4272460938,1690.81121560731
73,OREGON,1,63903.9829101563,1142.02163209249
74,OREGON,1,4892285.02703857,22059.51053981
75,OREGON,1,81339.8645629883,1600.26503402394
76,OREGON,1,7987.24865722656,430.752945885763
77,OREGON,1,1833217.58581543,6085.06746646455
78,OREGON,1,1218580.69421387,5681.92492569725
79,OREGON,1,51074.4176025391,977.782733100582
80,OREGON,1,3601.64929199219,255.495729512024
81,OREGON,1,869717.049743652,6198.58546531202
82,OREGON,1,84843079.5439453,44059.7018560441
83,OREGON,1,11779.2404785156,447.188255746245
84,OREGON,1,3564.94219970703,286.862076198849
85,OREGON,1,165346.952453613,2369.40935915982
86,OREGON,1,3854270.79351807,9571.22045257207
87,OREGON,1,265599.773925781,2483.12814293999
88,OREGON,1,1233129.90264893,4788.70765088861
89,OREGON,1,10737.1380615234,475.556426785929
90,OREGON,1,3634.28662109375,237.065439842409
91,OREGON,1,6778.13934326172,322.860343182722
92,OREGON,1,7053.06030273438,323.791328130674
93,OREGON,1,495793.647705078,2593.74164256678
94,OREGON,1,162299.887451172,1557.8357967991
95,OREGON,1,94411.0426635742,1814.13819015917
96,OREGON,1,97266.7423706055,1985.35166679384
97,OREGON,1,96735.2298583984,1296.52449598014
98,OREGON,1,62824.8609008789,1156.52989563659
99,OREGON,1,288884.091674805,2745.06612839623
100,OREGON,1,3254428.36804199,11437.1779462483
101,OREGON,1,15300.912902832,638.066739723963
102,OREGON,1,4742295.21551514,11398.7899461766
103,OREGON,1,40613.7613525391,961.392901870011
104,OREGON,1,61694.3931884766,1686.18426797938
105,OREGON,1,3043.77307128906,245.776729294439
106,OREGON,1,6828.16442871094,351.703706627682
107,OREGON,1,6461.04693603516,342.909648350858
108,OREGON,1,2777.96588134766,201.662243381924
109,OREGON,1,19158.0883178711,617.454606032969
110,OREGON,1,7393.59185791016,398.545894430443
111,OREGON,1,95489.8763427734,2539.12489615919
112,OREGON,1,9041.16644287109,420.750885092312
113,OREGON,1,5731.04449462891,373.368290861825
114,OREGON,1,4071504.42504883,10072.4146653766
115,OREGON,1,160789.111083984,2725.99294710468
116,OREGON,1,109624.956787109,1745.14191605629
117,OREGON,1,2713.84259033203,204.399893530287
118,OREGON,1,24031.1635742188,804.536501436735
119,OREGON,1,6772.02209472656,363.650215419584
120,OREGON,1,103078.823669434,1724.51029843349
121,OREGON,1,14727.3685913086,555.111696102699
122,OREGON,1,682994.841064453,3170.73086229109
123,OREGON,1,41156.7743530273,968.57411367338
124,OREGON,1,7350.45837402344,351.291131297996
125,OREGON,1,182389.457458496,2783.12721741277
126,OREGON,1,16815200.3803711,37507.7184693288
127,OREGON,1,10708.80859375,468.753814210009
128,OREGON,1,10710.0356445313,533.628559132417
129,OREGON,1,322814.353820801,2350.21654284097
130,OREGON,1,4641063.0993042,11205.8739538913
131,OREGON,1,350943.639221191,4656.59089937926
132,OREGON,1,22523734.6027222,36821.0464134418
133,OREGON,1,4897.0458984375,288.637962836665
134,OREGON,1,2920.74786376953,232.766407437446
135,OREGON,1,17297.9017944336,704.019551555784
136,OREGON,1,15110.3619384766,612.0054595644
137,OREGON,1,5487.2451171875,343.185421500198
138,OREGON,1,5808.65112304688,324.422994343328
139,OREGON,1,570704.244018555,5694.95157754072
140,OREGON,1,2649.78552246094,265.899307608573
141,OREGON,1,2218.59509277344,204.079165999515
142,OREGON,1,249780.096191406,3180.46415449208
143,OREGON,1,33379.0342407227,848.689035496619
144,OREGON,1,2023160.34887695,6775.78162394441
145,OREGON,1,486462.188781738,4432.93529189252
146,OREGON,1,2402148.12023926,7426.10052203173
147,OREGON,1,16495.150390625,595.316549451673
148,OREGON,1,46187.9408569336,1235.80758642155
149,OREGON,1,356018.415893555,2829.41832124627
150,OREGON,1,29028.7994384766,698.224415459699
151,OREGON,1,4571.07391357422,297.415201676034
152,OREGON,1,34088.4801635742,1274.02600910924
153,OREGON,1,159075.070739746,2506.96308027406
154,OREGON,1,23517.4174194336,838.06574955991
155,OREGON,1,7819.53259277344,372.328803614303
156,OREGON,1,10916.3768920898,454.76084579765
157,OREGON,1,2067133.86889648,7217.4842684605
158,OREGON,1,2639.60693359375,208.266343449606
159,OREGON,1,3402213.87097168,16768.4516847589
160,OREGON,1,1822.35229492188,169.964021888288
161,OREGON,1,416476.470092773,5625.19099945842
162,OREGON,1,72388.7814941406,1069.89600378994
163,OREGON,1,16224.3817138672,513.051627677201
164,OREGON,1,1112819.78973389,6286.53634218469
165,OREGON,1,110462.66192627,1846.84139570006
166,OREGON,1,1374.47814941406,136.5500466648
167,OREGON,1,30452.9006958008,671.247962301825
168,OREGON,1,443751.957641602,3744.52277166722
169,OREGON,1,5547.72698974609,298.593262102541
170,OREGON,1,198241.054504395,2107.59114109298
171,OREGON,1,1075300.13775635,5724.50835672148
172,OREGON,1,2405.92443847656,189.28258700427
173,OREGON,1,1092577.82006836,9500.29907358788
174,OREGON,1,3742215.90557861,9447.0211072083
175,OREGON,1,225386.63873291,3120.78166500749
176,OREGON,1,15820.3756713867,508.362202605507
177,OREGON,1,18919.4609985352,567.995405072786
178,OREGON,1,2684088.10687256,15316.1452171521
179,OREGON,1,4223414.22119141,9047.18223875582
180,OREGON,1,129580.478759766,2274.13289589095
181,OREGON,1,375844.691345215,2744.8425389945
182,OREGON,1,40523526.8220215,85850.6156456539
183,OREGON,1,60172.0549316406,1635.04190603793
184,OREGON,1,5407.03186035156,275.613546301105
185,OREGON,1,14680.2862548828,479.117242713149
186,OREGON,1,3024.833984375,212.502432635493
187,OREGON,1,15528.9802246094,570.511479496687
188,OREGON,1,548479.481506348,3948.66458021533
189,OREGON,1,44865.4094238281,854.091363147821
190,OREGON,1,20184.8262939453,633.865986840218
191,OREGON,1,3597.90936279297,252.715196614298
192,OREGON,1,2876941.18066406,16368.4610836996
193,OREGON,1,2928147.42797852,15989.448772357
194,OREGON,1,75404.3240966797,1170.22483880964
195,OREGON,1,5300674.49505615,14323.0751447158
196,OREGON,1,104317.207641602,1975.9355406748
197,OREGON,1,6067.99768066406,313.491865162775
198,OREGON,1,14313879.5222778,25232.7723861117
199,OREGON,1,117230.137817383,1512.64184302268
200,OREGON,1,3792.28814697266,269.903030164363
201,OREGON,1,137442.297119141,2178.26465502823
202,OREGON,1,23632.3856201172,785.101487583718
203,OREGON,1,6464326.57751465,27090.3244414156
204,OREGON,1,2542.546875,187.499544274329
205,OREGON,1,8146823.35839844,41005.8472142241
206,OREGON,1,219006.87890625,3254.11810504064
207,OREGON,1,42322.2138671875,1310.51133738439
208,OREGON,1,135742.359436035,2177.89123605952
209,OREGON,1,53891.2945556641,1103.49956326685
210,OREGON,1,48099.3235473633,1356.19677948568
211,OREGON,1,124654.209228516,1645.02071951137
212,OREGON,1,10945.1250610352,402.61725678932
213,OREGON,1,2545367.02770996,8304.50146191987
214,OREGON,1,53259.0821533203,917.792685310823
215,OREGON,1,11152.6309814453,403.100308311192
216,OREGON,1,3585.85729980469,219.707545630122
217,OREGON,1,260597.35369873,2424.20520606839
218,OREGON,1,2692.58172607422,191.349844244335
219,OREGON,1,4605.04559326172,253.968827093851
220,OREGON,1,9147.45294189453,423.964103322282
221,OREGON,1,12541.6086425781,448.049661033527
222,OREGON,1,504190.587280273,3935.62713066354
223,OREGON,1,8162.86193847656,347.031765071713
224,OREGON,1,79030.4885253906,1354.36243836304
225,OREGON,1,93658.6620483398,1664.33320850982
226,OREGON,1,2296.54571533203,206.484592890057
227,OREGON,1,1511.91833496094,157.635084858498
228,OREGON,1,138630.119873047,1889.68249820514
229,OREGON,1,23878.3665771484,608.447348097791
230,OREGON,1,3076.06378173828,217.651087235152
231,OREGON,1,3972.43768310547,246.70499548197
232,OREGON,1,3212.23767089844,210.051039437689
233,OREGON,1,1861.15521240234,175.378964905686
234,OREGON,1,3930.15063476563,230.949742644428
235,OREGON,1,45891.3478393555,937.928525314603
236,OREGON,1,178173.618774414,3362.08386529666
237,OREGON,1,40399.205871582,945.491837390268
238,OREGON,1,5870.33666992188,304.258064024887
239,OREGON,1,10100.5504150391,521.714773488211
240,OREGON,1,47047.4671630859,924.210625067286
241,OREGON,1,6926.39660644531,321.654011693242
242,OREGON,1,67330.8112182617,1113.11995486884
243,OREGON,1,28038.7824707031,745.388716798613
244,OREGON,1,5995.19604492188,355.405613188698
245,OREGON,1,9215068.82922363,38182.5281758511
246,OREGON,1,149707.8359375,2848.33671418472
247,OREGON,1,9329.88781738281,415.722200267341
248,OREGON,1,7394.54461669922,329.054232949882
249,OREGON,1,50928.3129272461,1175.11626198304
250,OREGON,1,5753.01495361328,309.436472836145
251,OREGON,1,2483.75,186.767718671181
252,OREGON,1,3920016.48937988,14339.4722170682
253,OREGON,1,9312.48443603516,387.485078436404
254,OREGON,1,56050.0186157227,866.205748202253
255,OREGON,1,4635.03137207031,269.584761892497
256,OREGON,1,46678.1940307617,1254.58944198545
257,OREGON,1,3722605.42828369,14727.3486890204
258,OREGON,1,5657.30291748047,284.611690921467
259,OREGON,1,850217.27911377,6014.48277678784
260,OREGON,1,9661.10076904297,388.284411095424
261,OREGON,1,12461.6233520508,460.814825960665
262,OREGON,1,4780.86364746094,290.006282235108
263,OREGON,1,20817.5935668945,697.123480655875
264,OREGON,1,5742.51782226563,291.296311558291
265,OREGON,1,4600.77056884766,266.046464477771
266,OREGON,1,573921.384277344,7007.27231348707
267,OREGON,1,2182520.36932373,8702.8191507139
268,OREGON,1,5448.16656494141,324.808277051013
269,OREGON,1,2587.71685791016,238.179814242437
270,OREGON,1,57082.3727416992,1265.49144096062
271,OREGON,1,171799.598205566,2474.6070866962
272,OREGON,1,3817183.65252686,12088.3180530614
273,OREGON,1,29970.2174072266,1051.65243334364
274,OREGON,1,640313.833740234,3336.1413889975
275,OREGON,1,13239087.6634521,23526.1668218595
276,OREGON,1,321403.210266113,3891.78139206541
277,OREGON,1,38400.3073730469,1013.86062070244
278,OREGON,1,65459.102355957,1065.38942295998
279,OREGON,1,6810.97918701172,307.418922805251
280,OREGON,1,561199.975463867,6375.9416307965
281,OREGON,1,10507.7091674805,556.250333554236
282,OREGON,1,200300.94354248,3566.86746786562
283,OREGON,1,1862.31689453125,160.506788540246
284,OREGON,1,38909.2059326172,1274.14935902077
285,OREGON,1,578783.614318848,4355.63148167629
286,OREGON,1,20793.2717285156,671.83529294852
287,OREGON,1,230045.324890137,2554.74889769379
288,OREGON,1,464718.123352051,4365.59765308113
289,OREGON,1,1222.97924804688,131.339044449617
290,OREGON,1,7728.76824951172,402.425012857078
291,OREGON,1,6183.45440673828,364.286671143291
292,OREGON,1,31924.3975830078,914.123461936553
293,OREGON,1,34111.0220336914,828.598906568741
294,OREGON,1,4503106.26757813,14900.796932952
295,OREGON,1,56728.2197265625,942.79850344246
296,OREGON,1,30656505.9106445,52286.3398944909
297,OREGON,1,563581.315734863,4173.19712125785
298,OREGON,1,1005.72277832031,121.352031898221
299,OREGON,1,44698.8958129883,1340.09069914661
300,OREGON,1,2114.19622802734,183.763907718486
301,OREGON,1,39764.991027832,1136.70340517547
302,OREGON,1,106866.710205078,3085.94575931096
303,OREGON,1,17671.3554077148,872.382685205372
304,OREGON,1,6450.04290771484,349.427857959912
305,OREGON,1,3083243.03723145,15597.4837386828
306,OREGON,1,481240.75,3322.70635775134
307,OREGON,1,72962.9166259766,1692.73290882715
308,OREGON,1,6327814.57165527,20400.3917550725
309,OREGON,1,3587082.70269775,9995.49327097199
310,OREGON,1,24597644.6641846,56487.403503262
311,OREGON,1,203346.998291016,2262.44594229367
312,OREGON,1,11024115.2246704,27318.8498860991
313,OREGON,1,212484.782409668,2553.49368710436
314,OREGON,1,2754940.10290527,10027.7384139779
315,OREGON,1,66623.9298706055,990.281649880756
316,OREGON,1,11428651.5175781,23337.1760247442
317,OREGON,1,106732.661682129,1908.53513394564
318,OREGON,1,37277.132019043,741.932342984436
319,OREGON,1,394334.374572754,2660.55788449222
320,OREGON,1,137238.689086914,1615.42176933287
321,OREGON,1,778208.238098145,6684.75142097573
322,OREGON,1,186679.425598145,1779.168275772
323,OREGON,1,514612.363037109,3229.10497598883
324,OREGON,1,230423.874145508,1921.6469178771
325,OREGON,1,37086.6157226563,759.720391855135
326,OREGON,1,5638.62109375,328.159795270818
327,OREGON,0,531927552.294434,2678197.02698099
328,OREGON,1,15490.61328125,547.531774350326
329,OREGON,1,16439733.8258057,24595.3986057289
330,OREGON,1,53606.5383300781,946.100121916631
331,OREGON,1,2611.29321289063,192.653886108914
332,OREGON,1,389080.819580078,4194.55949832655
333,OREGON,1,1675.7939453125,178.417401650529
334,OREGON,1,5160.99047851563,332.335619540424
335,OREGON,1,3386.32153320313,232.010400175691
336,OREGON,1,473766.000976563,3283.66187580378
337,OREGON,0,1400283638.09155,1429831.69583121
338,OREGON,2,2444.55792236328,186.168619821351
339,OREGON,2,3016.21771240234,208.183287448079
340,OREGON,2,804.92431640625,111.398618747901
341,OREGON,2,1854.03497314453,164.854718320567
342,OREGON,2,90283.8765258789,1571.90304727493
343,OREGON,2,1259.70428466797,139.406939002896
344,OREGON,2,933.630676269531,115.808120981764
345,OREGON,2,2803.65740966797,218.358667320156
346,OREGON,2,25887.2770996094,595.886335181907
347,OREGON,2,526.054504394531,91.2720225706107
348,OREGON,2,472.306457519531,83.1219242698157
349,OREGON,2,424.605224609375,83.049948502246
350,OREGON,2,616.699768066406,98.9398092741185
351,OREGON,2,352.398376464844,79.606068565533
352,OREGON,2,628.829956054688,99.5362576804357
353,OREGON,2,21917.3923950195,569.555938288001
354,OREGON,2,15151.2053833008,458.827947665509
355,OREGON,2,869.206665039063,116.647386531265
356,OREGON,2,2706.63903808594,202.12172283178
357,OREGON,2,961.103759765625,120.698477504377
358,OREGON,2,3165.57611083984,216.610334509831
359,OREGON,2,1221.10272216797,132.039989327206
360,OREGON,2,849.210266113281,112.279353457698
361,OREGON,2,3864.96539306641,254.696413909075
362,OREGON,2,516.549743652344,88.4718749040722
363,OREGON,2,392.655822753906,85.7117819522955
364,OREGON,2,437.395202636719,82.3714701082463
365,OREGON,2,7443.52233886719,376.635326228852
366,OREGON,2,484.954528808594,90.717423026307
367,OREGON,2,1565.73565673828,149.714762115716
368,OREGON,2,1449.24780273438,146.535340636023
369,OREGON,2,5471.47900390625,275.141625028033
370,OREGON,2,828.540283203125,113.955736784373
371,OREGON,2,3144.27416992188,232.596630723245
372,OREGON,2,9014.25518798828,355.540573110512
373,OREGON,2,5584.40191650391,303.464445048834
374,OREGON,2,1684.09088134766,158.554545174938
375,OREGON,2,2588.66442871094,195.781068001416
376,OREGON,2,569.001281738281,97.6715526930423
377,OREGON,1,11210475.8433838,29068.2918287876
378,OREGON,2,881.544250488281,115.477402446587
379,OREGON,2,6211.27099609375,334.464796236611
380,OREGON,2,811.997802734375,107.296898911196
381,OREGON,2,28908.6221923828,744.267871188714
382,OREGON,2,15179.0556030273,484.391759627914
383,OREGON,2,12927.6368408203,468.573945578865
384,OREGON,2,8790.16540527344,340.362517765292
385,OREGON,2,8619.17333984375,457.372689169331
386,OREGON,2,2925.2451171875,203.09162121018
387,OREGON,2,1527.57537841797,150.584738303943
388,OREGON,2,3185.13232421875,209.720039573901
389,OREGON,2,74903.9176025391,1121.6989691667
390,OREGON,2,1616.56848144531,148.583907475889
391,OREGON,2,1369.36010742188,140.244713749913
392,OREGON,2,609.23388671875,98.0444738049221
393,OREGON,2,1061.61145019531,124.519748527371
394,OREGON,2,1994.28002929688,166.723983429718
395,OREGON,2,4920.71734619141,277.939600516482
396,OREGON,2,686.474487304688,104.257599200354
397,OREGON,2,4800.55401611328,260.01750952431
398,OREGON,2,1624.02905273438,154.262493125197
399,OREGON,2,4800.78479003906,274.742623895352
400,OREGON,2,4747.85345458984,278.046816884232
401,OREGON,2,1085.3623046875,128.742521053708
402,OREGON,2,656.330200195313,98.9583467895579
403,OREGON,2,10306.8313598633,375.640480681334
404,OREGON,2,3259.58483886719,212.192888558719
405,OREGON,2,2578.17913818359,190.594858133271
406,OREGON,2,693.63720703125,108.039206329687
407,OREGON,2,638.487243652344,98.4706569463955
408,OREGON,2,2890.76293945313,211.672588380003
409,OREGON,2,698.693115234375,102.873756099289
410,OREGON,2,556.341674804688,93.9121074111118
411,OREGON,2,881.416137695313,118.219762461838
412,OREGON,2,21199.4904174805,530.061941893492
413,OREGON,2,44957.1682128906,779.990947663918
414,OREGON,2,54919.0277099609,852.026604570737
415,OREGON,2,25735.3506469727,584.652284409867
416,OREGON,1,125260.26953125,2036.70858224594
417,OREGON,1,5838.68212890625,291.109189306987
418,OREGON,1,110756.938110352,1380.07506979064
419,OREGON,2,88821.8400878906,1090.42932828811
420,OREGON,2,9056.52197265625,393.769075368296
421,OREGON,2,692.759399414063,107.729864563937
422,OREGON,2,2270.85137939453,177.685654343146
423,OREGON,2,1068.82135009766,125.34046239744
424,OREGON,2,1153.46185302734,137.097327525578
425,OREGON,2,3933.74267578125,229.795365374671
426,OREGON,1,31954.6901855469,771.708437508657
427,OREGON,1,59010.1484375,1070.24433878678
428,OREGON,1,404475.847167969,3569.55341346999
429,OREGON,1,82938.1826171875,1458.13719713468
430,OREGON,1,20625.0532226563,828.013377506296
431,OREGON,1,15312.8364257813,591.544339011091
432,OREGON,1,1086500.91333008,8664.52783507553
433,OREGON,1,2508153.69189453,15625.8894255874
434,OREGON,1,630345.808837891,4151.40433495563
435,OREGON,2,5582.68371582031,325.236521674846
436,OREGON,2,6418.91107177734,323.801052145078
437,OREGON,2,22805.4922485352,585.246890043445
438,OREGON,1,2604.6328125,197.167611568903
439,OREGON,2,52001.2841186523,1066.52095320949
440,OREGON,2,8472.82580566406,385.403859946761
441,OREGON,1,1580293.0289917,6876.58060440096
442,OREGON,1,4216.65747070313,284.769772835734
443,OREGON,1,4338.36645507813,295.067986096405
444,OREGON,1,5820.74291992188,328.534229233889
445,OREGON,2,2075.02294921875,177.006889452252
446,OREGON,2,2679.21893310547,192.958164304596
447,OREGON,2,53564.4991455078,908.011354138524
448,OREGON,1,1055.46118164063,119.866802303723
449,OREGON,1,2862.1044921875,208.434458023937
450,OREGON,2,2699.78289794922,206.073559905682
451,OREGON,2,1849.87567138672,168.667130993102
452,OREGON,2,13788.9153442383,435.218613512011
453,OREGON,2,3586.28802490234,247.878003905148
454,OREGON,1,127794.475341797,1552.8522351423
455,OREGON,1,1367.99243164063,142.108385535378
456,OREGON,1,2302.568359375,178.732495083363
457,OREGON,2,10272.5922241211,440.831411451891
458,OREGON,2,1882.16912841797,173.537354652932
459,OREGON,2,2135.81127929688,177.559941543529
460,OREGON,2,3611.94006347656,242.865456457
461,OREGON,1,631.96826171875,104.79124652273
462,OREGON,1,1475.93212890625,145.307432078225
463,OREGON,1,543.970947265625,95.6575283754286
464,OREGON,1,739.96484375,104.326218119934
465,OREGON,1,1643.91625976563,153.120322196811
466,OREGON,1,3473.84008789063,225.459585513025
467,OREGON,1,2947.86865234375,264.167648809501
468,OREGON,1,1293.93334960938,141.598103825544
469,OREGON,1,1391.94067382813,143.676126880136
470,OREGON,1,1385.9443359375,139.951291928377
471,OREGON,1,1435.931640625,145.765867723335
472,OREGON,1,1091.95361328125,129.976978296242
473,OREGON,1,2451.90991210938,184.278709653965
474,OREGON,1,1115.95629882813,136.788157030911
475,OREGON,1,2395.93237304688,188.606936800095
476,OREGON,1,4073.87963867188,283.66189098283
477,OREGON,1,1807.98217773438,160.195535419408
478,OREGON,1,2439.92138671875,209.987489872306
479,OREGON,1,2101.96899414063,188.956224346418
480,OREGON,1,2321.923828125,194.169269813494
481,OREGON,1,2693.974609375,200.605842050566
482,OREGON,2,2863.01055908203,205.732512022021
483,OREGON,2,2994.56494140625,205.585093473968
484,OREGON,2,1054.06884765625,123.183912360643
485,OREGON,2,4620.44262695313,258.516473269109
486,OREGON,2,1290.75042724609,135.593182776466
487,OREGON,2,3936.20086669922,244.626866717845
488,OREGON,2,1685.28985595703,157.05021750463
489,OREGON,2,29897.0230712891,892.805782089773
490,OREGON,1,613008.786621094,7877.35007218829
491,OREGON,1,28420.0914306641,813.852499322744
492,OREGON,2,10035.381652832,380.262946520683
493,OREGON,2,1880.96307373047,167.017214625308
494,OREGON,2,1523.16870117188,150.974180343715
495,OREGON,2,2385.9208984375,188.150211441063
496,OREGON,2,5548.92755126953,275.826675635398
497,OREGON,2,19983.5090332031,697.945608207341
498,OREGON,2,6421.21398925781,302.086208154227
499,OREGON,2,17629.6665039063,488.231478679017
500,OREGON,2,17197.1259155273,725.509939654521
501,OREGON,1,1361.69348144531,143.991803357991
502,OREGON,1,64321.541015625,1376.85414688364
503,OREGON,1,4307.03295898438,254.526019881842
504,OREGON,1,1743.61145019531,165.25896196986
505,OREGON,1,28725.6473388672,717.281469825631
506,OREGON,1,12110.711730957,429.149146827825
507,OREGON,1,2282.9443359375,216.312701766238
508,OREGON,1,2055926.55236816,7014.2472437312
509,OREGON,1,6360.28100585938,308.736258493702
510,OREGON,1,75299.6485595703,1061.02386986043
511,OREGON,1,1809.53588867188,158.834674340785
512,OREGON,1,3269.03820800781,207.054639701633
513,OREGON,1,3362.29748535156,219.510443197573
514,OREGON,1,115479.561035156,1416.96144170812
515,OREGON,1,177271.727294922,2258.9841030051
516,OREGON,1,1028.6611328125,119.77042742789
517,OREGON,1,2299.68041992188,191.904008031248
518,OREGON,1,3059.06115722656,206.719589023477
519,OREGON,1,1529.52392578125,150.553821577061
520,OREGON,1,2856.25280761719,213.504787697027
521,OREGON,1,5655.78088378906,284.874084471186
522,OREGON,1,1120.37219238281,134.294578480103
523,OREGON,1,63718.1516113281,1261.57183922422
524,OREGON,1,1326.76477050781,141.877658041689
525,OREGON,1,94023.6241455078,1239.82585737272
526,OREGON,1,324.06689453125,97.7633606899444
527,OREGON,1,22248.4604492188,764.284885730558
528,OREGON,1,5504.17565917969,288.51871197154
529,OREGON,1,990.971801757813,114.606946656387
530,OREGON,1,759.382080078125,101.395299853089
531,OREGON,1,13175.0118408203,439.780363217934
532,OREGON,1,7884.32421875,347.591577248724
533,OREGON,1,378136.419921875,2517.91771522531
534,OREGON,1,785602.149902344,7667.00811239345
535,OREGON,1,12835.9553222656,432.369590059741
536,OREGON,1,47065.361328125,1130.18482899421
537,OREGON,1,16305.2956542969,492.377757171628
538,OREGON,1,1702.22766113281,168.15296246533
539,OREGON,1,441973.769287109,4442.31954341297
540,OREGON,1,6910.32189941406,324.902192247017
541,OREGON,1,2250.23046875,185.454280378617
542,OREGON,1,57154898.7279053,72021.3972832417
543,OREGON,1,3414.71765136719,219.83868258005
544,OREGON,1,8714.52734375,373.036288627046
545,OREGON,1,146186.157714844,2493.04298355862
546,OREGON,1,3705926.80322266,17067.2999698899
547,OREGON,1,2838.41186523438,194.225360653344
548,OREGON,1,246548.349487305,2316.80894514704
549,OREGON,1,722517.381713867,4422.13129428939
550,OREGON,1,61898.0922851563,1197.13471349163
551,OREGON,1,2363.50805664063,181.895684862847
552,OREGON,1,1760.51733398438,154.921403356787
553,OREGON,1,2460.41674804688,178.812023015096
554,OREGON,1,2304.2802734375,175.080058932102
555,OREGON,1,15704.7437744141,486.717013328805
556,OREGON,1,3623.3271484375,223.038157257589
557,OREGON,1,6466.02941894531,330.419136895715
558,OREGON,1,30139.0601806641,968.293584699107
559,OREGON,2,14508.3857421875,490.133529468163
560,OREGON,1,8269.703125,332.196623424544
561,OREGON,1,3914.11267089844,228.790629010568
562,OREGON,2,18074.2696533203,746.031190327093
563,OREGON,1,1814211.51281738,8839.21388539361
564,OREGON,1,3903.37377929688,251.232561277206
565,OREGON,1,2158.966796875,210.457674120567
566,OREGON,1,24504.0016479492,851.007807815588
567,OREGON,1,195071.549194336,2582.77229231058
568,OREGON,0,1631159.90539551,11705.4863001788
569,OREGON,1,90234357.9730225,87763.9379947736
570,OREGON,1,11720.5478515625,433.770014533314
571,OREGON,1,1457081.0189209,6823.29343048151
572,OREGON,1,399491.122802734,4108.91242592357
573,OREGON,1,5997.76013183594,304.518427390013
574,OREGON,1,123782.859375,1997.82553344272
575,OREGON,1,192828.509765625,2322.48705947432
576,OREGON,1,50378.3332519531,1467.30331093387
577,OREGON,1,1114.48791503906,128.921838196144
578,OREGON,1,21196.7983398438,617.812921877893
579,OREGON,1,11360.2396240234,409.890227367506
580,OREGON,1,1830.56628417969,165.934854849891
581,OREGON,1,2132.06640625,179.436095270976
582,OREGON,1,1130.64331054688,121.382225189315
583,OREGON,1,1152.17358398438,126.954125909019
584,OREGON,1,13621.5202636719,481.842917734722
585,OREGON,1,4285.65954589844,267.740273543801
586,OREGON,1,6288.52075195313,316.183166012383
587,OREGON,1,11720.9766845703,392.900998194995
588,OREGON,1,113908.965209961,1603.04654719018
589,OREGON,1,1561.36279296875,149.548556430142
590,OREGON,1,27964.6765136719,811.980032864556
591,OREGON,1,18650.3485107422,549.177390619921
592,OREGON,1,116995.120605469,1938.97914147847
593,OREGON,1,124391.87109375,1860.19546654134
594,OREGON,1,7413.79565429688,395.228870681263
595,OREGON,1,22079.7757568359,583.78803481536
596,OREGON,1,2864.30187988281,222.448906083454
597,OREGON,1,45841.1748046875,762.99019329355
598,OREGON,1,167044.358886719,1892.09470354279
599,OREGON,1,9813.23425292969,370.750009501281
600,OREGON,1,3462165.85876465,12988.1678731343
601,OREGON,1,60813.8896484375,1364.1131004771
602,OREGON,1,66717.2927246094,1035.60188896093
603,OREGON,1,193950.288085938,2110.6543059003
604,OREGON,1,8079289.56469727,19254.5612382929
605,OREGON,1,21565.7530517578,592.333305751465
606,OREGON,1,386827.155761719,2809.37583402124
607,OREGON,1,54150.9307861328,902.396563982972
608,OREGON,1,2363012.58654785,8643.15398346192
609,OREGON,1,118535.294555664,1535.72412261855
610,OREGON,1,7957185.78466797,18700.1651942002
611,OREGON,1,9662.35632324219,416.276635366942
612,OREGON,1,1669.64184570313,162.031858987103
613,OREGON,1,10728.7814941406,532.758475683689
614,OREGON,1,856949.749755859,5627.18667147088
615,OREGON,1,770248.169799805,5656.00395970088
616,OREGON,1,1148913.86181641,5459.83070768052
617,OREGON,2,48039.7672729492,865.088230141847
618,OREGON,2,3446.80700683594,228.741336465746
619,OREGON,2,5057.11889648438,283.562437257435
620,OREGON,2,3005.17980957031,221.508112469641
621,OREGON,2,2687.42431640625,194.152473476042
622,OREGON,2,1847.26574707031,163.497241454436
623,OREGON,2,4459.28741455078,252.268922561001
624,OREGON,2,34602.4800415039,815.371966996077
625,OREGON,2,7717.57556152344,328.486963244217
626,OREGON,2,4620.83374023438,258.684831959789
627,OREGON,2,4017.62738037109,252.532698491137
628,OREGON,2,1411.03863525391,166.735092730044
629,OREGON,2,23599.4284667969,582.595602543575
630,OREGON,2,5245.50805664063,273.048024383526
631,OREGON,2,2730.45886230469,199.834149856401
632,OREGON,2,1841.85095214844,162.059375039236
633,OREGON,2,2762.76391601563,209.161451207553
634,OREGON,2,5374.73370361328,285.619664548727
635,OREGON,2,3635.22479248047,224.488076899636
636,OREGON,2,18111.4590454102,550.206538757839
637,OREGON,2,5288.57165527344,280.93317069893
638,OREGON,2,2294.22491455078,185.212841712434
639,OREGON,2,14395.4474487305,505.737732032005
640,OREGON,2,3839.87084960938,256.21404241507
641,OREGON,2,4653.07391357422,267.128726006181
642,OREGON,2,231672.38269043,2237.98177153936
643,OREGON,2,3312.08734130859,228.13871744603
644,OREGON,2,149279.834838867,1725.27135696882
645,OREGON,2,2945.86468505859,213.96127518426
646,OREGON,2,23943.8213500977,633.485818387122
647,OREGON,2,4997.70831298828,289.198208796351
648,OREGON,2,220017.359313965,2166.28517755142
649,OREGON,2,25311.6077880859,755.047465093606
650,OREGON,2,4846.48529052734,276.26901788646
651,OREGON,2,5756.52813720703,330.16046780919
652,OREGON,2,3064.04919433594,225.241409312476
653,OREGON,2,37123.913269043,1092.65132238509
654,OREGON,2,51943.1249389648,1125.26424305242
655,OREGON,2,378909.942901611,2293.14376088812
656,OREGON,1,42721.0795898438,931.69553732311
657,OREGON,2,3214.19143676758,212.709572259114
658,OREGON,2,1049.85882568359,127.104665111219
659,OREGON,2,1502.10699462891,147.350762799966
660,OREGON,2,1954.35247802734,163.211897903763
661,OREGON,2,9534.38247680664,411.944262179985
662,OREGON,2,5807.81695556641,342.464342466784
663,OREGON,2,2010.82257080078,168.459083865755
664,OREGON,2,4995.12014770508,312.353862035469
665,OREGON,2,1476.84228515625,142.143992606813
666,OREGON,2,2362.04598999023,184.489093413918
667,OREGON,2,1476.98565673828,143.237380540029
668,OREGON,2,6604.12072753906,338.665358425846
669,OREGON,2,16623.1565856934,490.837606898364
670,OREGON,2,13530.4160461426,594.890147166087
671,OREGON,2,8281.23028564453,368.998075315961
672,OREGON,2,6321.60623168945,304.184400241386
673,OREGON,2,1426.38632202148,143.826603649911
674,OREGON,2,2679.47509765625,198.908150652074
675,OREGON,2,27035.553894043,903.640555551106
676,OREGON,2,2636.02484130859,194.04970451018
677,OREGON,2,3937.38534545898,235.153722761943
678,OREGON,2,3266.98434448242,242.255934087684
679,OREGON,2,2214.97592163086,189.678608078611
680,OREGON,2,1114.19650268555,123.266591103931
681,OREGON,2,14724.9024353027,643.107073600907
682,OREGON,2,21492.2592773438,774.640746050232
683,OREGON,2,4562.39129638672,275.529747455166
684,OREGON,2,12521.6936035156,516.285313153085
685,OREGON,2,16422.5781555176,540.353924637311
686,OREGON,2,12878.1052856445,450.664399150441
687,OREGON,2,1356.21533203125,161.346916508105
688,OREGON,2,4831.60452270508,272.664017385427
689,OREGON,2,2150.24887084961,176.615442637869
690,OREGON,2,6971.11352539063,340.212250775081
691,OREGON,2,10158.2676696777,462.24077596206
692,OREGON,2,7032.65948486328,340.805341831939
693,OREGON,2,40336.5526428223,821.710057087178
694,OREGON,2,5334.32104492188,354.20410271748
695,OREGON,2,4171.73641967773,284.510533047689
696,OREGON,2,9063.19381713867,402.58306223298
697,OREGON,2,9844.29946899414,400.839740474578
698,OREGON,2,2390.38497924805,204.230219820932
699,OREGON,2,5183.37225341797,275.629752477662
700,OREGON,2,7939.94903564453,447.015304186401
701,OREGON,2,4918.46984863281,321.92895929527
702,OREGON,2,4378.03411865234,258.858523938282
703,OREGON,2,11230.4747314453,400.536499256312
704,OREGON,2,38329.4349060059,770.016698345764
705,OREGON,2,2501.96795654297,217.005656837294
706,OREGON,2,5951.69268798828,323.318861742846
707,OREGON,2,3362.88891601563,224.267206692459
708,OREGON,2,2433.25845336914,194.126150284187
709,OREGON,2,2847.19696044922,247.389231921865
710,OREGON,2,4180.52536010742,269.169851183543
711,OREGON,2,47824.5535888672,1252.28872537288
712,OREGON,2,8110.20758056641,329.049167817127
713,OREGON,2,3094.08651733398,210.349442111843
714,OREGON,2,2770.95156860352,194.916149034133
715,OREGON,2,2672.64154052734,198.12150748176
716,OREGON,2,2175.22274780273,183.69346654576
717,OREGON,2,2880.09603881836,205.704282445076
718,OREGON,2,5557.18249511719,334.820613904285
719,OREGON,2,3365.74142456055,216.445496232517
720,OREGON,2,49938.6098632813,1314.70825879622
721,OREGON,2,3154.10797119141,212.843461501806
722,OREGON,2,3823.81350708008,239.576402323141
723,OREGON,2,2487.18655395508,190.979974540329
724,OREGON,2,12072.6577758789,451.090345708156
725,OREGON,2,14467.6007995605,474.936967820795
726,OREGON,2,4733.74377441406,254.567197904523
727,OREGON,2,7760.35974121094,381.169253907058
728,OREGON,2,6295.55569458008,290.943481344051
729,OREGON,2,6494.0993347168,297.821672249951
730,OREGON,2,1557.32858276367,164.907187154691
731,OREGON,2,3248.89749145508,223.313544857323
732,OREGON,2,13545.2851867676,568.460133603686
733,OREGON,2,659.855377197266,99.0352966117606
734,OREGON,2,1192.64352416992,127.596195135866
735,OREGON,2,2937.81259155273,202.09534117936
736,OREGON,1,117379.865966797,1563.87043134346
737,OREGON,1,92881.7097167969,1141.70039345485
738,OREGON,1,287784.054199219,2567.05299420676
739,OREGON,2,3491.30087280273,231.793173155454
740,OREGON,2,8579.56155395508,355.460782679255
741,OREGON,2,6232.51934814453,299.567453170707
742,OREGON,2,3505.48004150391,253.177401528711
743,OREGON,2,6548.54052734375,314.196765570279
744,OREGON,1,29668.8969726563,631.116356758808
745,OREGON,2,4671.04116821289,283.112546587613
746,OREGON,2,13660.9853820801,524.906354479827
747,OREGON,2,7311.23544311523,327.138734088387
748,OREGON,2,1832.20935058594,159.673913899221
749,OREGON,2,3150.39712524414,215.894413908475
750,OREGON,2,2338.53314208984,179.462919158091
751,OREGON,2,2925.17074584961,224.026122785268
752,OREGON,2,2206.53991699219,170.671898469007
753,OREGON,2,3527.96371459961,226.382033797637
754,OREGON,2,12410.704498291,457.456786553354
755,OREGON,2,11209.9562988281,414.357655417832
756,OREGON,2,2922.53594970703,198.269404257781
757,OREGON,2,4146.98013305664,237.476228716884
758,OREGON,2,6103.79156494141,302.583574728655
759,OREGON,2,5262.05648803711,274.65878975984
760,OREGON,2,40030.1357116699,942.109578836684
761,OREGON,2,6111.95220947266,302.020667990567
762,OREGON,2,1736.38983154297,159.848849819124
763,OREGON,2,3571.94668579102,246.404938696248
764,OREGON,2,13505.7112731934,491.243493190994
765,OREGON,2,3584.49209594727,223.807846203013
766,OREGON,2,2665.86602783203,191.71244003421
767,OREGON,2,4873.29238891602,257.967461369843
768,OREGON,2,17870.4434814453,694.819785674315
769,OREGON,2,3406.37756347656,215.442231853976
770,OREGON,2,22403.0932312012,724.655556109891
771,OREGON,2,5783.11483764648,325.369814253149
772,OREGON,2,2340.26132202148,190.759243159524
773,OREGON,2,26549.0511779785,644.238307175312
774,OREGON,2,97028.8508605957,1439.05075671507
775,OREGON,2,7389.33615112305,329.743446108169
776,OREGON,2,5088.59967041016,317.892819676618
777,OREGON,2,1798.03601074219,160.234652687511
778,OREGON,2,5088.33312988281,265.494586202722
779,OREGON,2,21748.7221374512,900.261468683531
780,OREGON,2,19130.3031311035,618.67446936943
781,OREGON,2,2909.45361328125,225.771440894123
782,OREGON,2,2078.38150024414,170.1272207027
783,OREGON,2,2762.86697387695,195.524119079428
784,OREGON,2,2051.39404296875,167.875197402443
785,OREGON,2,3686.64129638672,224.603973911757
786,OREGON,2,2523.2233581543,184.103049548587
787,OREGON,2,2342.48443603516,182.237087267571
788,OREGON,1,4335.92041015625,243.185516204602
789,OREGON,2,3508.40078735352,252.064011478331
790,OREGON,2,2256.14926147461,192.435574564076
791,OREGON,2,5517.11804199219,328.786372533217
792,OREGON,2,1889.17254638672,161.502838932614
793,OREGON,2,4869.14144897461,300.483960705665
794,OREGON,2,4595.15600585938,259.913998038844
795,OREGON,2,4019.09268188477,240.877127715158
796,OREGON,2,54234.9922790527,1247.32567423973
797,OREGON,2,15057.7227478027,640.90080349025
798,OREGON,2,3133.29705810547,214.360248779389
799,OREGON,2,35260.1272583008,913.370565034799
800,OREGON,2,3275.56939697266,229.209918445413
801,OREGON,2,1969.71655273438,168.983582822869
802,OREGON,2,3887.72610473633,244.131414978391
803,OREGON,2,1618.54232788086,151.606486908369
804,OREGON,2,2242.42193603516,201.344558085287
805,OREGON,2,1958.193359375,182.573097571841
806,OREGON,2,3885.35375976563,255.520554820125
807,OREGON,2,27151.4235534668,796.426654802225
808,OREGON,2,2846.67337036133,206.927700810059
809,OREGON,2,3571.36517333984,241.157804242438
810,OREGON,2,2756.12698364258,194.778170944721
811,OREGON,2,3575.33193969727,236.718779390463
812,OREGON,2,8515.15383911133,372.435154036416
813,OREGON,2,4505.43649291992,259.875291757372
814,OREGON,2,3375.02648925781,234.620306540993
815,OREGON,2,1690.20812988281,153.472890726763
816,OREGON,2,1205.7585144043,135.305184490617
817,OREGON,2,1367.23529052734,137.835810313851
818,OREGON,2,2013.17611694336,172.327336538802
819,OREGON,2,8235.75231933594,388.784169969956
820,OREGON,2,3837.97348022461,241.202577690851
821,OREGON,2,3617.26181030273,230.752734462032
822,OREGON,2,22806.9955444336,628.049644520595
823,OREGON,2,1953.97576904297,177.502050085416
824,OREGON,2,4736.89685058594,285.733413283247
825,OREGON,2,4209.38018798828,284.424704672521
826,OREGON,2,7799.71975708008,443.713505514603
827,OREGON,2,10184.3377990723,497.573544915802
828,OREGON,2,10997.1342468262,430.278423051689
829,OREGON,2,2836.76611328125,227.471118186475
830,OREGON,2,3875.66256713867,257.152700800077
831,OREGON,2,9446.93685913086,520.305163217938
832,OREGON,2,3638.81021118164,247.200223208367
833,OREGON,2,14210.7304382324,635.99875564995
834,OREGON,2,5323.64147949219,319.45761229818
835,OREGON,2,11513.9376220703,513.073010576662
836,OREGON,2,9511.50936889648,612.361365435639
837,OREGON,2,3730.31420898438,292.718789341113
838,OREGON,2,11147.8979492188,595.666259142031
839,OREGON,2,8510.29232788086,426.975592356341
840,OREGON,2,15712.5640563965,713.68750935784
841,OREGON,2,4225.54971313477,246.193671134482
842,OREGON,2,10022.8749389648,481.698584269542
843,OREGON,2,2815.22836303711,209.001071233179
844,OREGON,2,3929.48501586914,243.481420563729
845,OREGON,2,7821.27694702148,384.065348248613
846,OREGON,2,8155.00918579102,408.470098050116
847,OREGON,2,4683.08215332031,262.414965359913
848,OREGON,2,4209.39025878906,278.895944595004
849,OREGON,2,2029.33654785156,215.60143927607
850,OREGON,2,6588.60961914063,386.487005577119
851,OREGON,2,1442.60739135742,168.130725648225
852,OREGON,2,9942.12506103516,485.221171457561
853,OREGON,2,4763.83233642578,300.804665553132
854,OREGON,1,8889.2294921875,393.325365131407
855,OREGON,2,5560.48663330078,283.019830255151
856,OREGON,2,3547.2932434082,228.781400014016
857,OREGON,2,2266.17553710938,177.253504550014
858,OREGON,2,3611.89657592773,227.451745756401
859,OREGON,2,2067.02020263672,177.165768796641
860,OREGON,2,3983.30621337891,325.839179852167
861,OREGON,2,2680.66525268555,196.868871354621
862,OREGON,2,1717.12405395508,153.319683888037
863,OREGON,2,4806.880859375,269.031570343286
864,OREGON,2,3030.54644775391,220.878680496706
865,OREGON,2,3746.46118164063,238.324914944162
866,OREGON,2,2637.59329223633,203.875173385607
867,OREGON,2,3025.16021728516,217.466932828532
868,OREGON,2,3994.07684326172,259.541266083351
869,OREGON,1,4885.57165527344,281.462700251569
870,OREGON,1,2306.46362304688,190.810922118398
871,OREGON,2,27618.979309082,1105.63967849558
872,OREGON,2,5684.20263671875,324.099237327624
873,OREGON,2,3692.57183837891,319.16782786071
874,OREGON,2,2056.21807861328,217.266182428268
875,OREGON,2,3148.92260742188,242.796423745269
876,OREGON,2,6841.49655151367,365.042853334061
877,OREGON,2,968.899108886719,118.947064769264
878,OREGON,2,882.772888183594,109.958459192695
879,OREGON,2,1383.36404418945,141.528962400323
880,OREGON,2,2104.65954589844,180.2227174229
881,OREGON,2,4887.55197143555,293.280731834631
882,OREGON,2,1334.93090820313,140.946730130997
883,OREGON,2,2546.04898071289,203.972026000723
884,OREGON,2,1238.03622436523,142.477939146252
885,OREGON,2,167323.014312744,1844.35177426794
886,OREGON,2,2842.10516357422,201.010673660349
887,OREGON,2,3961.71633911133,262.409469823119
888,OREGON,2,2928.21597290039,199.740276666648
889,OREGON,2,2540.66302490234,184.7929789618
890,OREGON,2,1270.33612060547,133.686404265117
891,OREGON,1,4227198.44055176,10100.9015228877
892,OREGON,2,1813.99359130859,163.245372413427
893,OREGON,1,201268.724487305,2359.51426183093
894,OREGON,1,19495.6231689453,562.971992686091
895,OREGON,1,676271.517578125,4385.20456102275
896,OREGON,1,187942.305419922,1857.57120830589
897,OREGON,1,7862.54418945313,372.728487306639
898,OREGON,1,542596.965087891,4077.54750184716
899,OREGON,1,42713.5422363281,902.54013830958
900,OREGON,2,7880.36022949219,339.083782273417
901,OREGON,2,14038.2723083496,662.488902327353
902,OREGON,1,251892.406005859,3268.28765040558
903,OREGON,2,64388.607421875,1235.58953675351
904,OREGON,1,101648.377075195,2090.64553862896
905,OREGON,2,73286.3309631348,1280.69410628659
906,OREGON,2,5485.03686523438,269.829625215817
907,OREGON,1,216836.630737305,2402.82963451909
908,OREGON,2,3477.26666259766,223.004601700164
909,OREGON,2,7347.47302246094,375.419384272714
910,OREGON,1,6258808.15246582,17001.7675822475
911,OREGON,1,177507.234375,3211.59847770233
912,OREGON,1,664050.055786133,4181.78973949861
913,OREGON,1,62734.6302490234,1472.11672206191
914,OREGON,1,27463.0393066406,686.948361076907
915,OREGON,1,57328.3562011719,1162.2698541092
916,OREGON,1,64869.3129882813,1170.81453708841
917,OREGON,1,4987.45825195313,259.345093413387
918,OREGON,1,143873.332885742,2057.93472255616
919,OREGON,1,202337.817871094,1882.6454436266
920,OREGON,1,23967.2174072266,639.860977941588
921,OREGON,1,51579.8364257813,1107.12537300656
922,OREGON,1,24087.2154541016,764.722577727895
923,OREGON,1,4564853.67077637,10733.0947244794
924,OREGON,1,17200.3972167969,694.097910961674
925,OREGON,1,1404012.84350586,8238.4232347935
926,OREGON,1,33174.3265380859,786.123605332152
927,OREGON,1,53357.2001953125,950.750540803042
928,OREGON,1,19396.7574462891,634.565833079567
929,OREGON,1,87202.3172607422,1769.09881625323
930,OREGON,1,28381.8731689453,750.560867240002
931,OREGON,1,2141.50390625,174.36421237038
932,OREGON,1,18694.8559570313,781.130225602629
933,OREGON,1,690163.170410156,4610.86460208495
934,OREGON,1,83177.9895019531,1464.03756171789
935,OREGON,1,17004.2073974609,529.614025061784
936,OREGON,1,691291.393554688,3851.1295150941
937,OREGON,1,362303.538452148,2867.21764105477
938,OREGON,1,598658.668334961,4084.02525358123
939,OREGON,1,32114.216796875,754.297489826025
940,OREGON,1,100730.256347656,1918.43984174579
941,OREGON,1,157332.544311523,1859.91162577044
942,OREGON,1,308842.973876953,2703.23744517238
943,OREGON,1,296195.478149414,2582.86221147925
944,OREGON,1,319352.426025391,2880.63129621331
945,OREGON,1,92534.9215087891,1643.78113279764
946,OREGON,1,118505.758422852,1700.14724033665
947,OREGON,2,3321.10327148438,304.974018190067
948,OREGON,2,41055.419921875,760.55075829808
949,OREGON,2,34918.0687561035,762.381478504336
950,OREGON,1,3380132.18859863,15171.8826572449
951,OREGON,1,5013.52429199219,399.852679289504
952,OREGON,1,2174.76477050781,193.662403657595
953,OREGON,1,956.323974609375,117.35593880249
954,OREGON,1,12346.8646240234,584.249488401458
955,OREGON,1,53150.6218261719,1131.40388688217
956,OREGON,1,25954.6717529297,671.228717456225
957,OREGON,1,2345074.38220215,8888.21494591511
958,OREGON,1,64440.5474853516,1075.81921362219
959,OREGON,1,116028.697265625,1861.55136081485
960,OREGON,1,39776.2023925781,971.462131771698
961,OREGON,1,14395.4835205078,503.246842800119
962,OREGON,1,738236.758666992,5078.6176314822
963,OREGON,1,3571266.75048828,8750.9006212945
964,OREGON,1,51594.4743652344,1066.03196909136
965,OREGON,1,40401.9461669922,839.296883773602
966,OREGON,1,37299.9178466797,1139.29967577479
967,OREGON,1,40793257.4368896,54968.42257917
968,OREGON,1,59608.47265625,1198.25212540994
969,OREGON,1,31071.0460205078,733.489861144814
970,OREGON,1,83888.7941894531,1214.26017914983
971,OREGON,1,13054.3455810547,556.64547858974
972,OREGON,1,4076.16882324219,246.649386739375
973,OREGON,1,45970.1986083984,1428.76401187347
974,OREGON,1,323182.494140625,2546.90982590397
975,OREGON,1,1864640.75793457,6919.67144358672
976,OREGON,1,54246.8005371094,948.782244296754
977,OREGON,1,30263.9422607422,751.624497735219
978,OREGON,1,372520.09375,3502.62849519697
979,OREGON,1,12446.1271972656,445.344403068846
980,OREGON,1,2040.93823242188,174.951231806127
981,OREGON,1,3516843.36950684,8603.88865793102
982,OREGON,1,87651.3503417969,1349.85423954411
983,OREGON,1,20962.0821533203,647.07881349156
984,OREGON,1,5208.71606445313,282.168275864545
985,OREGON,1,2635.11291503906,190.985839458638
986,OREGON,1,2559.4482421875,188.629107426693
987,OREGON,1,13745.2490234375,594.325089763842
988,OREGON,1,76440.0593261719,1204.21637118568
989,OREGON,1,58853.4202880859,1077.55248957593
990,OREGON,1,5713.49060058594,293.933481779935
991,OREGON,1,198670.231567383,1805.27774963014
992,OREGON,1,1278091.61450195,5510.60563558944
993,OREGON,1,78761.3050537109,1117.04432534393
994,OREGON,1,399493.362548828,3868.19765154455
995,OREGON,1,19122.6798095703,612.392708847671
996,OREGON,2,6279.09770202637,449.086315680426
997,OREGON,2,11620.6442260742,606.764664681843
998,OREGON,2,226260.800750732,3708.36096463159
999,OREGON,2,976.399047851563,119.439362578671
1000,OREGON,2,13488.0509643555,722.553318957811
1001,OREGON,2,9681.22103881836,419.763960867074
1002,OREGON,2,2833.99935913086,195.801574322884
1003,OREGON,2,6361.9847869873,411.627673897821
1004,OREGON,2,1929.92761230469,188.539097322147
1005,OREGON,2,1904.4415435791,178.647276195181
1006,OREGON,2,4396.22018432617,265.701052971732
1007,OREGON,2,2733.51635742188,195.909598637173
1008,OREGON,2,4616.11888122559,269.920112376444
1009,OREGON,2,3119.64189147949,218.591921660488
1010,OREGON,2,4327.98820495605,301.590526286255
1011,OREGON,2,2784.41906738281,195.283459796009
1012,OREGON,2,3360.94694519043,214.00233136856
1013,OREGON,2,8806.23408508301,442.962925752811
1014,OREGON,2,1856.48199462891,160.475520998945
1015,OREGON,2,2006.29335021973,166.062540042595
1016,OREGON,2,37271.7151794434,824.06396762679
1017,OREGON,2,12275.1290435791,491.861529965863
1018,OREGON,2,14962.6667175293,508.095337022229
1019,OREGON,2,10761.9302062988,439.30795231779
1020,OREGON,2,25266.3709259033,934.242009956989
1021,OREGON,2,13753.7109375,533.825911538204
1022,OREGON,2,15772.4005279541,715.027666851365
1023,OREGON,2,11440.2136688232,392.286584995787
1024,OREGON,2,33030.1483154297,735.27268446094
1025,OREGON,2,39758.0414733887,838.799193240191
1026,OREGON,2,58605.524307251,1483.85910984654
1027,OREGON,2,12956.5099334717,434.768253903398
1028,OREGON,2,29397.6567840576,731.510809481977
1029,OREGON,2,7409.87797546387,330.625887334634
1030,OREGON,2,3385.4712677002,223.12833927333
1031,OREGON,2,3164.32531738281,218.229849486324
1032,OREGON,2,34768.7510681152,907.523198750091
1033,OREGON,2,16896.5423583984,791.919943740903
1034,OREGON,2,7318.0807800293,334.366360769771
1035,OREGON,2,17945.9220123291,641.752629944536
1036,OREGON,2,3888.14793395996,238.356497747678
1037,OREGON,2,85960.9527893066,2034.31273062036
1038,OREGON,2,38794.6564483643,865.368233209334
1039,OREGON,2,2300.37203979492,187.722218626307
1040,OREGON,2,7663.38327026367,318.729922748582
1041,OREGON,2,81899.5629425049,1592.90936811926
1042,OREGON,2,6421.49684143066,343.003915314956
1043,OREGON,2,6198.74052429199,323.151753463333
1044,OREGON,2,6786.22462463379,305.171815516671
1045,OREGON,2,4512.14877319336,295.281921855767
1046,OREGON,2,4227.29718017578,242.272745884925
1047,OREGON,2,6493.82925415039,377.850480236269
1048,OREGON,2,2480.13095092773,194.37164441265
1049,OREGON,2,7415.2995300293,370.16847045004
1050,OREGON,2,3339.6297454834,237.588147784177
1051,OREGON,2,2166.34199523926,187.109726875972
1052,OREGON,2,7898.10217285156,351.356836040677
1053,OREGON,2,2617.41369628906,187.109604306706
1054,OREGON,2,2818.4422454834,211.620098793207
1055,OREGON,2,11529.8950500488,480.961672209716
1056,OREGON,2,18736.4226379395,588.948095449461
1057,OREGON,2,2556.85458374023,222.227791611326
1058,OREGON,2,14352.8001556396,674.737565074729
1059,OREGON,2,4485.3229675293,248.93266718969
1060,OREGON,2,2157.97770690918,194.316655743427
1061,OREGON,2,3791.73854064941,266.98041599973
1062,OREGON,2,5345.44773864746,327.847290952675
1063,OREGON,2,2952.99722290039,223.25024973044
1064,OREGON,2,4682.11769104004,267.609304167737
1065,OREGON,2,2219.94664001465,190.494419670543
1066,OREGON,2,4348.88711547852,281.144879437256
1067,OREGON,2,4351.71742248535,257.446324366358
1068,OREGON,2,9444.5339050293,391.65533082899
1069,OREGON,2,2662.04853820801,215.958164374427
1070,OREGON,2,5922.49272155762,355.258731077922
1071,OREGON,2,2400.10345458984,186.516359849538
1072,OREGON,2,3428.94735717773,222.497588141271
1073,OREGON,2,10609.7715454102,433.305810929258
1074,OREGON,2,2465.63954162598,200.933243706781
1075,OREGON,2,3520.44773864746,257.57451531737
1076,OREGON,2,7774.28196716309,417.344015649018
1077,OREGON,2,3430.62741088867,277.296231758321
1078,OREGON,2,4952.36999511719,321.409723832112
1079,OREGON,2,1520.98876953125,148.370795668365
1080,OREGON,2,2191.02963256836,173.23123144104
1081,OREGON,2,2012.68870544434,172.211685189202
1082,OREGON,2,2356.87222290039,181.363214123204
1083,OREGON,2,2231.13150024414,174.102881920993
1084,OREGON,2,6603.66032409668,355.009603238693
1085,OREGON,2,1528.3896484375,154.912927128873
1086,OREGON,2,1638.14510345459,149.060262491041
1087,OREGON,2,2089.45462799072,170.160112909139
1088,OREGON,2,5154.8738861084,263.941595945003
1089,OREGON,2,4574.81316375732,271.292985292955
1090,OREGON,2,2262.73652648926,174.37921472533
1091,OREGON,2,1735.01593780518,152.300539838262
1092,OREGON,2,79431.1940307617,1073.81474636404
1093,OREGON,2,16207.8920211792,525.023537766076
1094,OREGON,2,6756.63664245605,318.274169103864
1095,OREGON,2,2039.62574768066,180.162766255923
1096,OREGON,2,2512.51559448242,225.889952386228
1097,OREGON,2,2098.64703369141,176.317900257775
1098,OREGON,2,49384.2983703613,1063.29979912448
1099,OREGON,2,2191.14618682861,172.957907370075
1100,OREGON,2,101020.842559814,1703.54600276273
1101,OREGON,2,7780.80162811279,400.879272576229
1102,OREGON,2,2258.50626373291,179.344697553382
1103,OREGON,2,2034.04238128662,163.909349378912
1104,OREGON,2,3147.96624755859,242.002277546357
1105,OREGON,2,9424.00519561768,424.365897931271
1106,OREGON,2,7513.98388671875,370.192988362358
1107,OREGON,2,4764.12019348145,298.992819161017
1108,OREGON,2,3777.3872833252,248.569779866435
1109,OREGON,2,1818.45937347412,157.469614796678
1110,OREGON,2,1905.19714355469,177.71575599432
1111,OREGON,2,3457.08358764648,214.429234479326
1112,OREGON,2,2615.17149353027,186.438029294016
1113,OREGON,2,2741.54710388184,194.880040266508
1114,OREGON,2,1900.4026184082,160.114510360673
1115,OREGON,2,1549.22939300537,154.144510198662
1116,OREGON,2,2062.17895507813,169.513784477557
1117,OREGON,2,2346.59108734131,176.740959772365
1118,OREGON,2,1976.71382904053,164.928178640829
1119,OREGON,2,2243.27932739258,173.084608928765
1120,OREGON,2,3663.92819976807,239.380967462047
1121,OREGON,2,9002.06307220459,356.233529831953
1122,OREGON,2,2279.50210571289,194.031607227138
1123,OREGON,2,1593.1475982666,149.935790546431
1124,OREGON,2,1821.06475830078,161.037455803405
1125,OREGON,2,4636.07151031494,270.78419068105
1126,OREGON,2,1940.44535064697,177.442196409891
1127,OREGON,2,2764.35207366943,207.905475579825
1128,OREGON,2,3557.64651489258,242.952562719764
1129,OREGON,2,4860.20343017578,282.221939777405
1130,OREGON,2,3492.22824859619,243.570669451501
1131,OREGON,2,2598.59802246094,200.926563388761
1132,OREGON,2,2057.50035858154,173.730274622148
1133,OREGON,2,3842.32845306396,273.402620765058
1134,OREGON,2,2196.82764434814,181.426601201676
1135,OREGON,2,2513.35312652588,183.856020091942
1136,OREGON,2,4356.72692871094,245.425783641793
1137,OREGON,2,69707.6859970093,1970.77519170367
1138,OREGON,2,3229.46229553223,206.610298044798
1139,OREGON,2,2359.65695953369,176.165146339906
1140,OREGON,2,1925.41063690186,162.929105971025
1141,OREGON,2,3955.95311737061,231.100362521155
1142,OREGON,2,2328.90516662598,175.306035818413
1143,OREGON,2,2452.83937835693,183.160424700884
1144,OREGON,2,2784.26187896729,195.515882733336
1145,OREGON,2,2301.45594024658,174.399552150697
1146,OREGON,2,2088.35820007324,174.045126902027
1147,OREGON,2,2046.14830780029,167.595380314835
1148,OREGON,2,2126.82884216309,166.511936594958
1149,OREGON,2,2296.97804260254,177.588600463495
1150,OREGON,2,32658.3476791382,714.672665871331
1151,OREGON,2,14511.4862289429,521.751833448252
1152,OREGON,2,3816.6238861084,282.510108251792
1153,OREGON,2,28926.4632797241,750.856228504634
1154,OREGON,2,1068.25640106201,123.242518323591
1155,OREGON,2,1320.31015014648,133.752905709572
1156,OREGON,2,4618.86804962158,273.240869139461
1157,OREGON,2,3889.63459014893,272.734234412648
1158,OREGON,2,2103.10702514648,167.726833424577
1159,OREGON,2,2201.35158538818,180.902225607934
1160,OREGON,2,1546.3459854126,143.549985044715
1161,OREGON,2,3593.94849395752,232.959711744835
1162,OREGON,2,1232.52626037598,131.320050885369
1163,OREGON,2,1581.19686126709,146.143352186183
1164,OREGON,2,1787.04591369629,157.798134725456
1165,OREGON,2,1828.36455535889,155.036317460406
1166,OREGON,2,2022.85581970215,165.551609279724
1167,OREGON,2,2117.20552825928,168.504989573094
1168,OREGON,2,2162.85771179199,169.739336241858
1169,OREGON,2,2666.52579498291,187.511497310028
1170,OREGON,2,2107.32122802734,167.166236675218
1171,OREGON,2,1480.58141326904,141.935897124028
1172,OREGON,2,2307.22960662842,172.970018197541
1173,OREGON,2,2553.73196411133,189.239797638297
1174,OREGON,2,2895.11486816406,196.005956222695
1175,OREGON,2,101281.940658569,1426.99393640974
1176,OREGON,2,2745.14195251465,218.723073857433
1177,OREGON,2,19998.9100341797,524.583567854093
1178,OREGON,2,53044.7601394653,1009.0877512524
1179,OREGON,2,2088.96755218506,169.694233310649
1180,OREGON,2,1824.87361907959,155.571671797844
1181,OREGON,2,2609.35079193115,189.125670872805
1182,OREGON,2,1785.0373916626,154.669429655015
1183,OREGON,2,6035.2159576416,299.364804067435
1184,OREGON,2,3129.48902130127,212.924713389347
1185,OREGON,2,17957.461265564,509.480879392355
1186,OREGON,2,3852.40170288086,231.875696911389
1187,OREGON,2,1617.13258361816,154.048648130362
1188,OREGON,2,1407.01965332031,143.507623441828
1189,OREGON,2,20566.9041748047,698.242478227706
1190,OREGON,2,1975.07266235352,164.301643679431
1191,OREGON,2,1272.13348388672,131.362997576657
1192,OREGON,2,11847.4301528931,484.873629034208
1193,OREGON,2,19104.5880432129,549.489318305486
1194,OREGON,2,10380.0721130371,458.085510520768
1195,OREGON,2,1763.51904296875,159.205693933049
1196,OREGON,2,2311.78310394287,181.64596492975
1197,OREGON,2,7609.48664855957,326.720393973458
1198,OREGON,2,20382.6013565063,612.212047501585
1199,OREGON,2,3232.90372467041,210.587744083603
1200,OREGON,2,1516.95665740967,148.844565518773
1201,OREGON,2,1445.19065856934,160.491240654761
1202,OREGON,2,103515.128799438,1462.32557663074
1203,OREGON,2,10852.8504562378,420.870851742102
1204,OREGON,2,7236.16850280762,318.803439228103
1205,OREGON,2,1276.19829559326,150.396911598462
1206,OREGON,2,7465.25408172607,348.148807187098
1207,OREGON,2,2365.31745910645,199.848147545233
1208,OREGON,2,4314.5100479126,245.359966336277
1209,OREGON,2,7757.20507049561,353.9595990329
1210,OREGON,2,203079.732902527,3583.07804533432
1211,OREGON,2,31245.1233062744,996.473288196025
1212,OREGON,2,4822.87274932861,276.081548345962
1213,OREGON,2,11459.1231460571,489.901142202161
1214,OREGON,2,9249.38299560547,385.990053065889
1215,OREGON,2,7433.9587097168,393.095999362914
1216,OREGON,2,8076.9655380249,392.771337328065
1217,OREGON,2,1809.10607910156,165.206102448463
1218,OREGON,2,1395.50649261475,151.608515724784
1219,OREGON,2,7411.31224822998,351.332697541256
1220,OREGON,2,5569.72240447998,283.893103750196
1221,OREGON,2,1761.47734069824,178.735479559817
1222,OREGON,2,6917.43900299072,320.253103850869
1223,OREGON,2,6740.56276702881,331.460473869443
1224,OREGON,2,1552.87571716309,162.201380486841
1225,OREGON,2,2898.64888763428,234.964157155981
1226,OREGON,2,7196.32903289795,356.375083435382
1227,OREGON,2,2215.77981567383,178.150193869249
1228,OREGON,2,6192.39447784424,326.038567108182
1229,OREGON,2,3297.35110473633,236.92958647373
1230,OREGON,2,1826.04708099365,160.678644791922
1231,OREGON,2,1773.04930877686,175.8031135056
1232,OREGON,2,4845.64251708984,279.265433761762
1233,OREGON,2,4450.69498443604,263.327204790349
1234,OREGON,2,656.666145324707,104.411673316807
1235,OREGON,2,1887.33067321777,174.521276856399
1236,OREGON,2,2085.09273529053,189.62567101992
1237,OREGON,2,5817.77906799316,290.233838097892
1238,OREGON,2,3385.36953735352,240.983459099543
1239,OREGON,2,3435.51693725586,226.091783330957
1240,OREGON,2,5801.64321136475,335.541656053559
1241,OREGON,2,3417.52967071533,222.62531981671
1242,OREGON,2,14947.3866348267,458.25897649114
1243,OREGON,2,65245.4643325806,996.598904097249
1244,OREGON,2,108099.528411865,1346.30258367272
1245,OREGON,2,8199.96480560303,346.86157115618
1246,OREGON,2,17962.535736084,520.411317739929
1247,OREGON,2,3413.61479949951,227.872834824671
1248,OREGON,2,1840.58396911621,161.653820169867
1249,OREGON,2,40852.9583435059,771.3336734694
1250,OREGON,2,2633.99680328369,190.576742792744
1251,OREGON,2,4758.78248596191,286.568286249444
1252,OREGON,2,11504.8507003784,404.331829589587
1253,OREGON,2,3222.63652038574,248.37444428204
1254,OREGON,2,62513.1991577148,1205.75697081429
1255,OREGON,2,40662.2676010132,868.097474321289
1256,OREGON,2,6031.77513122559,286.75347346836
1257,OREGON,2,9708.46089172363,407.746849162667
1258,OREGON,2,1360.58123016357,138.761487407264
1259,OREGON,2,56878.0910644531,1032.80170987137
1260,OREGON,2,15226.3749008179,494.757574550945
1261,OREGON,2,4556.10111999512,251.995206690049
1262,OREGON,2,4648.54663848877,283.803982773476
1263,OREGON,2,8781.93653106689,367.906166884051
1264,OREGON,2,4840.82209014893,335.201077725206
1265,OREGON,2,1641.59471130371,198.83070062101
1266,OREGON,2,3651.21389007568,244.857354072051
1267,OREGON,2,14060.4231719971,516.200541955332
1268,OREGON,2,3543.66388702393,222.216387903015
1269,OREGON,2,12043.7513656616,495.098116704258
1270,OREGON,2,22123.7422637939,591.030263839984
1271,OREGON,2,227384.655220032,2140.45514713676
1272,OREGON,2,19059.4250564575,517.92500357099
1273,OREGON,2,46897.3214111328,847.663359962058
1274,OREGON,2,47431.4918060303,933.200162855705
1275,OREGON,2,11492.7587509155,391.571206493226
1276,OREGON,2,3830.22830200195,277.905957896536
1277,OREGON,2,38242.8230895996,714.310720808453
1278,OREGON,2,62905.1561279297,1567.63837659366
1279,OREGON,2,40511.6692123413,723.281817586648
1280,OREGON,2,44868.7008972168,829.857877089341
1281,OREGON,2,83673.4777908325,1076.04069876137
1282,OREGON,2,23045.7980575562,592.628579138203
1283,OREGON,2,63304.4808883667,980.540875012341
1284,OREGON,2,94628.5420379639,1253.34614854986
1285,OREGON,2,15564.9886474609,534.886095015552
1286,OREGON,2,4761.18529510498,258.351299252891
1287,OREGON,2,4551.11696624756,290.572254101926
1288,OREGON,2,5025.10971069336,275.039580771406
1289,OREGON,2,38428.8906555176,1062.87478116876
1290,OREGON,2,2402.13968658447,193.045217911464
1291,OREGON,2,9894.04147338867,364.517681837305
1292,OREGON,2,4411.11945343018,256.214270449042
1293,OREGON,2,18430.8195419312,685.473218050314
1294,OREGON,2,12430.8674163818,524.203636844056
1295,OREGON,2,5175.95960235596,274.329400898016
1296,OREGON,2,8617.63737487793,430.847868301813
1297,OREGON,2,27118.2116317749,708.942186221337
1298,OREGON,2,480056.065299988,3040.50767357478
1299,OREGON,2,12986.3191375732,528.765722818082
1300,OREGON,2,34515.386505127,797.512966326512
1301,OREGON,2,23419.7338180542,618.962594747457
1302,OREGON,2,7998.68344116211,348.25716318356
1303,OREGON,2,8962.84844970703,408.927072889275
1304,OREGON,2,14957.830947876,482.212310173737
1305,OREGON,2,3560.3698425293,217.972130532615
1306,OREGON,2,2806.3224029541,204.487294318148
1307,OREGON,2,2714.79737854004,192.777576303942
1308,OREGON,2,5494.23050689697,289.645559780419
1309,OREGON,2,84547.637008667,1159.65478868063
1310,OREGON,2,24007.9802856445,634.337185234342
1311,OREGON,2,1179.66758728027,146.207888548874
1312,OREGON,2,3075.72657012939,216.525543665517
1313,OREGON,2,168558.145652771,1622.35757524074
1314,OREGON,2,2634.07849121094,205.600371116706
1315,OREGON,2,18266.1459960938,544.475668459302
1316,OREGON,2,3738.34939575195,235.288425883356
1317,OREGON,2,7185.79993438721,325.686425572951
1318,OREGON,2,1928.42474365234,172.544022423939
1319,OREGON,2,9879.15321350098,376.194324833684
1320,OREGON,2,4400.88844299316,280.291250487395
1321,OREGON,2,41741.4753494263,771.68975038574
1322,OREGON,2,20603.9383621216,677.191294669221
1323,OREGON,2,21487.5399017334,539.794499649298
1324,OREGON,2,2822.65855407715,229.242358095641
1325,OREGON,2,3592.98821258545,221.481549236589
1326,OREGON,2,3259.00634765625,217.037123165091
1327,OREGON,2,18386.0193023682,549.9477101979
1328,OREGON,2,18213.9838180542,755.192695303419
1329,OREGON,2,50084.5831604004,1056.2286987866
1330,OREGON,2,90569.6153411865,1830.758003995
1331,OREGON,2,3092.27440643311,243.04514336604
1332,OREGON,2,7256.6134185791,356.241048305297
1333,OREGON,2,26235.3040771484,1205.11106781538
1334,OREGON,2,17002.4350814819,639.655847557495
1335,OREGON,2,8571.27687835693,391.387916132226
1336,OREGON,2,50467.6836013794,1108.86052783443
1337,OREGON,2,14260.0468215942,669.82747262872
1338,OREGON,2,100036.168746948,1756.90136096201
1339,OREGON,2,74679.3036117554,1331.11466619653
1340,OREGON,2,15297.2064323425,521.265361494787
1341,OREGON,2,3238.33297348022,218.384517248503
1342,OREGON,2,6767.67961502075,357.799878223113
1343,OREGON,2,536550.695823669,4706.64655103051
1344,OREGON,2,8007.15421676636,377.891585367429
1345,OREGON,2,9149.50809860229,383.859642181979
1346,OREGON,2,53991.9106483459,1002.96037827787
1347,OREGON,2,20696.9069480896,538.987078114354
1348,OREGON,2,10631.3332672119,393.768395710949
1349,OREGON,2,43182.862865448,799.37421493431
1350,OREGON,2,26969.2095146179,660.161247196185
1351,OREGON,2,22076.5264930725,672.847037480196
1352,OREGON,2,116266.945053101,1477.27959344466
1353,OREGON,2,19015.9176597595,526.436548725434
1354,OREGON,2,25174.9470100403,659.237060080232
1355,OREGON,2,120863.677261353,1604.35006705768
1356,OREGON,2,24614.5595207214,684.108015295855
1357,OREGON,2,29943.8132133484,683.261174935028
1358,OREGON,2,4116.81708908081,256.859842049641
1359,OREGON,2,3362.42875671387,230.225765607553
1360,OREGON,2,20303.9299926758,595.758251689229
1361,OREGON,2,10103.4797706604,426.065606031646
1362,OREGON,2,5011.32558441162,304.423687194117
1363,OREGON,2,3357.04578018188,233.93047315033
1364,OREGON,2,22724.5061798096,614.590373001788
1365,OREGON,2,10098.5854721069,419.112638002573
1366,OREGON,2,131772.25951004,1389.34379386388
1367,OREGON,2,12798.4134635925,418.798772953881
1368,OREGON,2,31982.6353797913,765.004911169488
1369,OREGON,2,11726.0680847168,455.24065302104
1370,OREGON,2,7167.1192817688,347.979750417144
1371,OREGON,2,15412.0160217285,531.90646097974
1372,OREGON,2,8972.39769744873,376.194031654269
1373,OREGON,2,19911.7024879456,652.401773939764
1374,OREGON,2,209948.522743225,1798.11578315815
1375,OREGON,2,6827.65563964844,337.529117899962
1376,OREGON,2,19405.3215293884,541.10490302264
1377,OREGON,2,50655.4615478516,939.209568698592
1378,OREGON,2,53506.2741775513,941.500095906187
1379,OREGON,2,12173.4865608215,489.791412218698
1380,OREGON,2,23959.0390548706,737.774751786865
1381,OREGON,2,20962.8309631348,562.131088887953
1382,OREGON,2,28361.8056945801,666.264762786989
1383,OREGON,2,21701.1214561462,579.047373967625
1384,OREGON,2,23350.1834945679,623.153760636355
1385,OREGON,2,36386.0284919739,762.714738223104
1386,OREGON,2,18985.2183685303,663.582998030739
1387,OREGON,2,29666.1290550232,697.633419700016
1388,OREGON,2,41753.6273498535,1174.47664622111
1389,OREGON,2,12825.7161903381,449.593237144057
1390,OREGON,2,28475.308265686,645.911325813862
1391,OREGON,2,25958.7388381958,797.366180335565
1392,OREGON,2,20925.6483001709,622.9324672512
1393,OREGON,2,132790.516151428,1784.13205057802
1394,OREGON,2,21470.016456604,584.710477064574
1395,OREGON,2,13348.9563827515,461.596928417265
1396,OREGON,2,72845.1824989319,1256.13225750425
1397,OREGON,2,28190.9354438782,734.566686951985
1398,OREGON,2,35369.3870697021,733.261232438646
1399,OREGON,2,13893.4275932312,454.322238136852
1400,OREGON,2,28228.7700538635,672.778842051798
1401,OREGON,2,22844.9308280945,643.352361092363
1402,OREGON,2,20376.6497001648,576.397451831395
1403,OREGON,2,34544.9978981018,759.202703192097
1404,OREGON,2,142265.302314758,1714.29308833554
1405,OREGON,2,16043.7389602661,514.60474391791
1406,OREGON,2,47003.172744751,961.845333378348
1407,OREGON,2,14862.2032012939,454.789390960259
1408,OREGON,2,120175.615013123,1783.26688079063
1409,OREGON,2,27894.988079071,673.698327720583
1410,OREGON,2,55773.8180999756,963.057499636316
1411,OREGON,2,159210.928730011,1934.82423474663
1412,OREGON,2,21562.6244468689,623.025596906744
1413,OREGON,2,6623.47716903687,340.881640969659
1414,OREGON,2,5712.68252182007,300.973371420893
1415,OREGON,2,68811.1167488098,989.831573433455
1416,OREGON,2,42559.6624488831,828.436586292447
1417,OREGON,2,6655.84633636475,333.511239089578
1418,OREGON,2,7124.71382522583,327.549262077442
1419,OREGON,2,5809.72159957886,311.151506645347
1420,OREGON,2,8558.28313827515,428.249855659216
1421,OREGON,2,11463.1521339417,409.277511345172
1422,OREGON,2,7022.34346389771,333.748090490096
1423,OREGON,2,9609.25933837891,419.472396063368
1424,OREGON,2,6305.56799697876,304.458690887909
1425,OREGON,2,11581.7822799683,436.622596804231
1426,OREGON,2,49792.5600280762,1103.49909918576
1427,OREGON,2,6386.43657684326,316.185370615079
1428,OREGON,2,8967.96533203125,361.473681778831
1429,OREGON,2,6919.98077011108,305.884104643924
1430,OREGON,2,8105.67139434814,378.704185030482
1431,OREGON,2,17930.5495834351,574.059607899186
1432,OREGON,2,13446.5646591187,542.47793916464
1433,OREGON,2,9108.09577941895,371.270439332076
1434,OREGON,2,14610.67943573,465.100585599748
1435,OREGON,2,10741.0936813354,392.13373806803
1436,OREGON,2,27820.1665344238,643.995737399669
1437,OREGON,2,6618.20119476318,306.66083969189
1438,OREGON,2,18906.0410232544,531.920568097231
1439,OREGON,2,28747.1832084656,786.607708861505
1440,OREGON,2,6095.43677902222,304.813674668124
1441,OREGON,2,18976.1842689514,556.976770157148
1442,OREGON,2,7205.64908218384,313.319143022617
1443,OREGON,2,4775.03349685669,252.950087691593
1444,OREGON,2,10989.0549812317,401.821315570342
1445,OREGON,2,21606.2674865723,562.29764960667
1446,OREGON,2,5836.76451873779,310.627351714523
1447,OREGON,2,3923.51551437378,238.599511568682
1448,OREGON,2,36465.0310440063,721.98896958577
1449,OREGON,2,8288.97484207153,342.327659311947
1450,OREGON,2,7927.88956069946,359.340154593869
1451,OREGON,2,12886.2052078247,436.357393066641
1452,OREGON,2,3977.41687774658,232.814706395547
1453,OREGON,2,6278.71590805054,325.999096865232
1454,OREGON,2,7286.54285430908,325.373837467299
1455,OREGON,2,12762.2500076294,485.159035950993
1456,OREGON,2,4931.35957336426,274.188863949328
1457,OREGON,2,8741.71830749512,355.24695538755
1458,OREGON,2,5491.86225509644,279.909967329196
1459,OREGON,2,4052.86803436279,258.778689797759
1460,OREGON,2,7787.78693389893,351.391540084674
1461,OREGON,2,7814.74710464478,344.504114763058
1462,OREGON,2,7437.49091720581,328.144194924613
1463,OREGON,2,30299.7361793518,687.571845993074
1464,OREGON,2,16023.1071395874,507.06123111698
1465,OREGON,2,16244.1644439697,489.878617732677
1466,OREGON,2,49912.8712997437,934.519830642662
1467,OREGON,2,205198.112346649,1799.11245751496
1468,OREGON,2,9922.25809860229,377.539773472475
1469,OREGON,2,6138.75957107544,289.781533176147
1470,OREGON,2,7599.34446716309,322.120985455859
1471,OREGON,2,55211.4510040283,854.477840518896
1472,OREGON,2,113770.084693909,1307.16696300489
1473,OREGON,2,237645.87304306,2078.53991521232
1474,OREGON,2,1525.2993850708,152.734333369517
1475,OREGON,2,1492.96345901489,145.952760219334
1476,OREGON,2,1018.6724395752,124.936731630015
1477,OREGON,2,1288.16297912598,143.865794689076
1478,OREGON,2,16859.2722511292,691.796069653474
1479,OREGON,2,5497.59874725342,315.669005142509
1480,OREGON,2,808.47420501709,106.419407612169
1481,OREGON,2,1907.99410629272,167.719254966593
1482,OREGON,2,1007.8911819458,126.971170369808
1483,OREGON,2,1228.87916946411,143.209548978738
1484,OREGON,2,1158.80293273926,131.271686197289
1485,OREGON,2,15921.5580177307,510.327433061787
1486,OREGON,2,2964.41251373291,225.127751867213
1487,OREGON,2,5325.15336990356,312.898064868558
1488,OREGON,2,1094.13331985474,134.117366443219
1489,OREGON,2,1282.77736282349,150.248950809906
1490,OREGON,2,1363.63204956055,149.746306594469
1491,OREGON,2,2473.92441177368,202.382153969913
1492,OREGON,2,2102.03028488159,198.09923563354
1493,OREGON,2,1099.52624130249,130.50123307584
1494,OREGON,2,6500.13757324219,341.933896929694
1495,OREGON,2,1261.21603775024,142.232993368453
1496,OREGON,2,2005.00772094727,192.279733954706
1497,OREGON,2,1088.74783325195,144.760468512371
1498,OREGON,2,5729.87938690186,315.553418154521
1499,OREGON,2,9324.406665802,381.616705069782
1500,OREGON,2,2608.69695663452,216.743222196703
1501,OREGON,2,1417.53450012207,152.894942268428
1502,OREGON,2,1638.51525878906,164.442778831293
1503,OREGON,2,1525.32670211792,152.829486645959
1504,OREGON,2,2420.05384063721,195.116427144291
1505,OREGON,2,1185.76861190796,149.036327849736
1506,OREGON,2,2155.94596481323,183.579967345323
1507,OREGON,2,743.804103851318,125.384108430495
1508,OREGON,2,1821.77726745605,174.878540021294
1509,OREGON,2,1304.34914779663,139.198285544083
1510,OREGON,2,1347.47250366211,149.222463265456
1511,OREGON,2,1401.36633682251,152.299891993888
1512,OREGON,2,4748.49625396729,277.518046794487
1513,OREGON,2,1034.85598373413,123.227628974146
1514,OREGON,2,5950.44318389893,356.037700168355
1515,OREGON,2,4263.41160964966,280.279144825836
1516,OREGON,2,2797.3635635376,207.787899123379
1517,OREGON,2,1433.71528625488,152.338317213827
1518,OREGON,2,2344.61041641235,201.955496251787
1519,OREGON,2,1568.46891021729,157.226570298819
1520,OREGON,2,1137.27061080933,144.220310431186
1521,OREGON,2,5007.22590637207,291.026577881324
1522,OREGON,2,8262.76523971558,404.034258698751
1523,OREGON,2,1519.96141433716,165.248767056463
1524,OREGON,2,2436.24648284912,195.238170025287
1525,OREGON,2,1196.57389450073,140.031447928926
1526,OREGON,2,1487.62106704712,150.340521334655
1527,OREGON,2,3853.79833221436,247.436344724543
1528,OREGON,2,5018.02848815918,263.404860646311
1529,OREGON,2,1568.4646987915,156.281400560743
1530,OREGON,2,1379.81462097168,141.538108266377
1531,OREGON,2,2123.61867904663,182.336880555875
1532,OREGON,2,3158.49877166748,223.264799749461
1533,OREGON,2,447.364429473877,82.0297910149667
1534,OREGON,2,1347.4814414978,157.691489352242
1535,OREGON,2,1099.54629135132,136.709259694751
1536,OREGON,2,1142.67097091675,150.462411222832
1537,OREGON,2,3185.46662521362,287.646686029647
1538,OREGON,2,1595.43358612061,147.404815018944
1539,OREGON,2,1293.59196853638,145.978884864579
1540,OREGON,2,47226.867477417,1037.7383565418
1541,OREGON,2,1175.0196762085,136.372118729486
1542,OREGON,2,31326.6119728088,835.691926177628
1543,OREGON,2,1999.67890930176,165.959098564144
1544,OREGON,2,41917.8266487122,818.560686620306
1545,OREGON,2,14849.4313354492,473.607577735265
1546,OREGON,2,7271.10458374023,332.452719709094
1547,OREGON,2,4010.15601348877,279.888345514503
1548,OREGON,2,2118.27824783325,188.906568864418
1549,OREGON,2,22616.4277496338,556.96653039113
1550,OREGON,2,1342.1036605835,147.363477865811
1551,OREGON,2,15447.7382507324,523.703733339855
1552,OREGON,2,1724.80292892456,165.716404893327
1553,OREGON,2,38969.7556266785,782.824656207627
1554,OREGON,2,1379.84223937988,148.692574934753
1555,OREGON,2,1864.94310379028,164.756210724072
1556,OREGON,2,1918.83882141113,182.830652962068
1557,OREGON,2,2953.7386932373,224.374025225524
1558,OREGON,2,1886.514503479,165.679168077758
1559,OREGON,2,1487.65717697144,151.725869113272
1560,OREGON,2,1439.13958740234,152.269612364638
1561,OREGON,2,83712.7719841003,1171.17483601027
1562,OREGON,2,1439.13639068604,156.118886618615
1563,OREGON,2,12990.0124931335,455.70346719604
1564,OREGON,2,2883.68998336792,205.501806356055
1565,OREGON,2,1541.55564498901,159.037219743421
1566,OREGON,2,7993.4455871582,369.562531120453
1567,OREGON,2,1557.72974395752,164.226575395995
1568,OREGON,2,1126.51993179321,126.254057583827
1569,OREGON,2,1773.33200073242,160.958467665265
1570,OREGON,2,1697.87673568726,156.956780344334
1571,OREGON,2,1422.97703933716,151.330523035989
1572,OREGON,2,5406.24005508423,274.745983752451
1573,OREGON,2,3994.05794525146,252.018056345221
1574,OREGON,2,1891.91764450073,172.111819995061
1575,OREGON,2,7794.08069610596,363.751503896705
1576,OREGON,2,1137.29996871948,135.414556689168
1577,OREGON,2,1627.81320571899,158.213208625377
1578,OREGON,2,1557.74349975586,161.773157847801
1579,OREGON,2,13642.3108177185,470.283722609941
1580,OREGON,2,1293.62508392334,152.671317565417
1581,OREGON,2,1158.8723487854,139.768588779471
1582,OREGON,2,1433.77235031128,151.414258678723
1583,OREGON,2,1493.06899261475,156.008086969806
1584,OREGON,2,2172.21488189697,178.886769444379
1585,OREGON,2,2894.50832366943,219.627572721752
1586,OREGON,2,4139.62406539917,256.540055688909
1587,OREGON,2,3449.702709198,224.848627003892
1588,OREGON,2,4118.07577514648,272.279996561972
1589,OREGON,2,991.789161682129,126.843977395874
1590,OREGON,2,11168.3859443665,410.6149768577
1591,OREGON,2,1191.22915649414,139.850917627059
1592,OREGON,2,948.669239044189,127.863461685945
1593,OREGON,2,5444.07501983643,328.761407871778
1594,OREGON,2,1245.12533187866,141.925103976141
1595,OREGON,2,1282.86041259766,148.746570702545
1596,OREGON,2,3201.76023864746,265.681034006157
1597,OREGON,2,1854.21753311157,198.28422348713
1598,OREGON,2,1191.22523880005,128.800969988259
1599,OREGON,2,1104.97913360596,136.142458420024
1600,OREGON,2,19701.08228302,556.107487906266
1601,OREGON,2,1148.10291290283,126.761131790992
1602,OREGON,2,1514.63556671143,162.005983792162
1603,OREGON,2,2447.1478767395,202.183398101018
1604,OREGON,2,1175.05502319336,138.85125305897
1605,OREGON,2,1509.25801849365,156.492451157288
1606,OREGON,2,1778.75681304932,169.712884918401
1607,OREGON,2,792510.166072845,3791.11910541065
1608,OREGON,2,1563.15983581543,155.053937948842
1609,OREGON,2,4301.38135910034,287.343238204294
1610,OREGON,2,36362.4190635681,892.720498729004
1611,OREGON,2,1654.79727172852,157.448279263576
1612,OREGON,2,6037.03052139282,309.983991565009
1613,OREGON,2,3827.06120300293,235.26068466124
1614,OREGON,2,2544.17950439453,215.385495837879
1615,OREGON,2,1169.6780128479,144.651929354761
1616,OREGON,2,1654.79943466187,159.117569337526
1617,OREGON,2,52641.0413627625,952.257166346352
1618,OREGON,2,1498.49161148071,158.155728255016
1619,OREGON,2,12904.1781425476,506.174868399855
1620,OREGON,2,1746.435546875,165.528551646489
1621,OREGON,2,3110.17408370972,217.805984867879
1622,OREGON,2,1962.05350112915,174.110203920814
1623,OREGON,2,15173.5794410706,519.786428405815
1624,OREGON,2,11912.494884491,466.568132501302
1625,OREGON,2,12101.1469650269,444.503561988564
1626,OREGON,2,1282.88468933105,146.0855345092
1627,OREGON,2,1018.7631149292,123.794308865344
1628,OREGON,2,1449.98748779297,153.422503154867
1629,OREGON,2,1266.71736907959,150.074569311617
1630,OREGON,2,1094.22782897949,136.115314019594
1631,OREGON,2,1304.44924926758,140.017876994425
1632,OREGON,2,1595.51729202271,161.709819671204
1633,OREGON,2,2360.94120025635,199.48839943759
1634,OREGON,2,997.199680328369,128.11907196593
1635,OREGON,2,1379.91778182983,155.29879365424
1636,OREGON,2,1622.47826004028,155.506081107077
1637,OREGON,2,11416.6244659424,403.440790818797
1638,OREGON,2,3514.45528030396,263.32917668074
1639,OREGON,2,1374.51645278931,161.924548610799
1640,OREGON,2,3848.66436004639,234.822691454808
1641,OREGON,2,3352.76178741455,222.840019352
1642,OREGON,2,1374.52446746826,154.808821525055
1643,OREGON,2,4463.15509796143,287.411874923438
1644,OREGON,2,1379.9165802002,148.373759617121
1645,OREGON,2,2371.72931671143,186.6673544401
1646,OREGON,2,16230.2007408142,586.182995798047
1647,OREGON,2,34470.9619102478,682.060625093847
1648,OREGON,2,14758.6173019409,544.301262132081
1649,OREGON,2,2533.44632720947,207.202123646369
1650,OREGON,2,1536.24068069458,168.318937808496
1651,OREGON,2,1757.24334716797,169.759116744335
1652,OREGON,2,1131.96881484985,129.444076067204
1653,OREGON,2,1525.45503234863,158.475514257871
1654,OREGON,2,900.184307098389,122.926396253224
1655,OREGON,2,1724.90676498413,164.852907448664
1656,OREGON,2,1282.89767074585,152.061876865337
1657,OREGON,2,964.86795425415,125.122561715477
1658,OREGON,2,1051.10879516602,148.365081697592
1659,OREGON,2,1498.50905227661,154.400778395567
1660,OREGON,2,3519.88820266724,251.987119779729
1661,OREGON,2,1439.21974563599,162.493681750016
1662,OREGON,2,2614.3169593811,192.039116148672
1663,OREGON,2,1315.23920440674,148.413339838419
1664,OREGON,2,927.144233703613,136.593691045175
1665,OREGON,2,1299.07374191284,142.056445203065
1666,OREGON,2,981.040649414063,121.952417579492
1667,OREGON,2,1520.08073806763,170.683272974473
1668,OREGON,2,1034.9451713562,127.861464991046
1669,OREGON,2,916.359798431396,128.983605315053
1670,OREGON,2,1730.30721664429,164.188831085497
1671,OREGON,2,10904.6724967957,494.730228908157
1672,OREGON,2,1660.23192214966,164.909788877775
1673,OREGON,2,222347.280620575,1990.22540072758
1674,OREGON,2,1229.002368927,136.61777062181
1675,OREGON,2,12252.2907142639,586.603326649179
1676,OREGON,2,4452.45520401001,285.158959375385
1677,OREGON,2,3697.80735397339,230.803977701259
1678,OREGON,2,2641.28661346436,197.706800467524
1679,OREGON,2,1805.7765045166,167.547536279994
1680,OREGON,2,1056.52144241333,133.190528677071
1681,OREGON,2,2290.92618560791,195.337808626376
1682,OREGON,2,1487.74934387207,155.261099323048
1683,OREGON,2,6861.9934463501,345.762371615327
1684,OREGON,2,2134.59033203125,212.450134399522
1685,OREGON,2,2522.72245788574,199.103114729813
1686,OREGON,2,2059.13252258301,192.234824480206
1687,OREGON,2,1832.7392578125,163.056229983326
1688,OREGON,2,4096.70749282837,250.191037398416
1689,OREGON,2,57289.4252510071,1095.99823787233
1690,OREGON,2,1617.13526153564,153.755018226891
1691,OREGON,2,1207.45874404907,132.306218812695
1692,OREGON,2,3492.98580169678,239.653674114592
1693,OREGON,2,1239.7978515625,131.50075648445
1694,OREGON,2,2026.78686904907,172.613214778746
1695,OREGON,2,4603.40599060059,302.163968258534
1696,OREGON,2,1547.05881881714,166.429745796609
1697,OREGON,2,1396.12348556519,143.477845286092
1698,OREGON,2,1466.19344711304,162.781611939595
1699,OREGON,2,1433.87959671021,139.508785970571
1700,OREGON,2,1827.38777923584,159.473367501601
1701,OREGON,2,1654.88947296143,156.413883158798
1702,OREGON,2,1870.52938461304,164.073923694442
1703,OREGON,2,1892.08758544922,175.178151636943
